Timestamp,Full Name
9/6/2018 0:06:16,Bob
9/6/2018 0:06:16,Bernadette Melugin  
9/6/2018 0:06:16,Pearlie Hilgendorf  
9/6/2018 0:06:16,Shaunda Mariotti  
9/6/2018 0:06:16,Marcene Shupe  
9/6/2018 0:06:16,Terese Singley  
9/6/2018 0:06:16,Armida Visser  
9/6/2018 0:06:16,Erminia Garica  
9/6/2018 0:06:16,Kathyrn Sanderfur  
9/6/2018 0:06:16,Kristeen Kopf  
9/6/2018 0:06:16,Easter Janey  
9/6/2018 0:06:16,Walter Kollar  
9/6/2018 0:06:16,Theodora Oberman  
9/6/2018 0:06:16,Debi Ruston  
9/6/2018 0:06:16,Cyril Gage  
9/6/2018 0:06:16,Thomasina Yadao  
9/6/2018 0:06:16,Reyes Eslinger  
9/6/2018 0:06:16,Cheryle Hedley  
9/6/2018 0:06:16,Irwin Pinkard  
9/6/2018 0:06:16,Jenice Lefkowitz  
9/6/2018 0:06:16,Justine Gander  
